country,industry,year,EG_total,EC_total,EC_c,EC_d,FU_c,FU_d,FU_total,EC_c_alt,EC_d_alt,ln_eg,ln_ecc,ln_ecd,ln_egecd,ln_eccd,ln_eccd_2,ln_ecc_alt,ln_ecd_alt
1,15,1995,162405,42192,8579,33613,24796,1553914,1578710,11332761600,22142226432,11.997849,9.0570726,10.422668,1.5751801,-1.3655958,.93242598,23.150963,23.820753
1,15,1996,166644,42897,8623,34274,27342,1609914,1637256,11395926016,22577653760,12.023615,9.0621881,10.442142,1.5814724,-1.3799543,.95213699,23.156521,23.840227
1,15,1997,171917,43581,8665,34916,27814,1655529,1683343,11456454656,23000563712,12.054767,9.0670471,10.4607,1.5940666,-1.3936529,.97113425,23.161819,23.858784
1,15,1998,183021,44783,9220,35563,28698,1843898,1872596,12194679808,23426768896,12.117356,9.1291304,10.479061,1.6382952,-1.3499308,.91115654,23.224266,23.877146
1,15,1999,190068,45996,9229,36767,30044,1932650,1962694,12207181824,24219891712,12.155137,9.130106,10.512356,1.6427813,-1.3822498,.9553073,23.22529,23.91044
1,15,2000,195408,46208,9263,36945,29090,1968429,1997519,12249682944,24337147904,12.182845,9.1337833,10.517185,1.6656599,-1.3834019,.95690036,23.228765,23.91527
1,15,2001,206778,47008,9311,37697,32928,2122135,2155063,12142313472,25121417216,12.239401,9.1389513,10.537335,1.7020655,-1.3983841,.97773904,23.219963,23.946987
1,15,2002,213012,49733,9405,40328,35901,2358725,2394626,12534950912,28851490816,12.269104,9.1489964,10.604801,1.6643028,-1.4558048,1.0596838,23.251787,24.085428
1,15,2003,209044,49660,9514,40146,39614,2324316,2363930,12544029696,28742094848,12.2503,9.1605196,10.600278,1.6500225,-1.4397583,1.0364519,23.25251,24.081629
1,15,2004,219796,49786,9702,40084,45374,2371300,2416674,12662242304,27963559936,12.300455,9.1800871,10.598733,1.7017221,-1.4186459,1.006278,23.26189,24.054169
1,15,2005,230631,50546,10086,40460,46552,2492999,2539551,13306652672,29468583936,12.348575,9.2189035,10.608069,1.7405052,-1.3891659,.9648909,23.311529,24.10659
1,15,2006,232111,51216,10174,41042,47158,2547383,2594541,13631740928,30350475264,12.354971,9.2275906,10.622352,1.7326193,-1.3947611,.97267926,23.335667,24.136078
1,15,2007,233826,53190,10651,42539,47777,2461486,2509263,14494429184,33654370304,12.362332,9.2734089,10.658176,1.7041559,-1.3847675,.95879054,23.39703,24.239408
1,15,2008,240177,54627,10853,43774,67363,2466465,2533828,,,12.389132,9.2921972,10.686795,1.7023363,-1.394598,.97245181,,
1,15,2009,241865,56945,11188,45757,65779,2496018,2561797,,,12.396135,9.3225975,10.7311,1.6650352,-1.4085026,.99193978,,
2,15,1995,55001,17440,11306,6134,24544,194051,218595,14908047360,4040710912,10.915107,9.3330889,8.7216024,2.1935043,.61148643,.18695784,23.425167,22.119686
2,15,1996,53180,17521,11379,6142,29764,209622,239386,15002415104,4045980928,10.881437,9.3395252,8.7229061,2.1585312,.61661911,.19010957,23.431477,22.120991
2,15,1997,55124,17861,11554,6307,28531,203816,232347,15229549568,4154672896,10.91734,9.3547869,8.7494154,2.1679249,.60537148,.18323731,23.446503,22.147499
2,15,1998,55900,17456,11474,5982,28939,195902,224841,15122589696,3940582400,10.931319,9.3478394,8.6965103,2.2348089,.65132904,.21211477,23.439455,22.094595
2,15,1999,58550,17847,11687,6160,29718,193585,223303,15401945088,4057838080,10.977636,9.3662319,8.725832,2.2518044,.64039993,.20505604,23.45776,22.123917
2,15,2000,59073,17805,11671,6134,26859,173941,200800,15374969856,4040710912,10.986529,9.3648624,8.7216024,2.2649269,.64326,.20689172,23.456007,22.119686
2,15,2001,60190,18112,11717,6395,28572,188843,217415,15240384512,4261651200,11.005261,9.3687963,8.7632713,2.2419901,.60552502,.18333027,23.447214,22.172922
2,15,2002,59956,17890,11648,6242,31770,183532,215302,15465869312,4465656832,11.001367,9.3628902,8.7390556,2.262311,.62383461,.19458482,23.461901,22.219683
2,15,2003,57441,18188,11905,6283,33819,214529,248348,15581632512,4498246144,10.958513,9.3847141,8.7456026,2.2129107,.63911152,.20423177,23.469358,22.226954
2,15,2004,61383,18735,12199,6536,38685,214588,253273,15807060992,4559670272,11.024888,9.4091091,8.7850809,2.2398071,.62402821,.19470561,23.483723,22.240517
2,15,2005,63546,18914,12458,6456,49126,225811,274937,16358218752,4702154752,11.05952,9.4301186,8.7727652,2.2867546,.6573534,.21605675,23.517996,22.271286
2,15,2006,61788,19150,12645,6505,57500,205012,262512,16853058560,4810434048,11.031465,9.4450169,8.7803268,2.2511377,.66469002,.22090641,23.547798,22.294054
2,15,2007,62738,19100,12820,6280,66753,189878,256631,17286035456,4968368640,11.046722,9.4587622,8.7451248,2.3015976,.71363735,.25463915,23.573164,22.326357
2,15,2008,64161,20555,13308,7247,75040,190030,265070,,,11.069151,9.4961205,8.8883429,2.1808081,.6077776,.18469681,,
2,15,2009,66717,20853,13566,7287,77738,179658,257396,,,11.108215,9.5153217,8.8938475,2.2143679,.62147427,.19311513,,
3,15,1995,70612,14917,7040,7877,19682,292764,312446,11588304896,5188894720,11.164955,8.8593636,8.9717026,2.1932526,-.11233902,.0063100276,23.173262,22.369787
3,15,1996,72315,14852,7101,7751,19056,291175,310231,11693732864,5105893376,11.188787,8.8679905,8.9555769,2.2332096,-.087586403,.003835689,23.18232,22.353661
3,15,1997,75023,14693,7121,7572,19337,280038,299375,11728299008,4987978752,11.22555,8.8708038,8.9322128,2.2933369,-.061408997,.0018855324,23.18527,22.330297
3,15,1998,79436,15404,7132,8272,19218,320775,339993,11746091008,5449096704,11.282707,8.8723469,9.0206318,2.2620754,-.14828491,.010994207,23.186787,22.418716
3,15,1999,80844,15522,7133,8389,20090,293237,313327,11742121984,5526169600,11.300277,8.8724871,9.0346766,2.2656002,-.16218948,.013152714,23.186449,22.43276
3,15,2000,80266,15685,7140,8545,21080,290933,312013,11749751808,5628933120,11.293101,8.8734684,9.0531015,2.2399998,-.17963314,.016134033,23.187098,22.451185
3,15,2001,76216,15533,7185,8348,24307,265895,290202,11912239104,5563137536,11.241326,8.8797512,9.0297775,2.2115488,-.15002632,.011253948,23.200832,22.439428
3,15,2002,78147,15552,7214,8338,23431,272936,296367,12096488448,5965178880,11.266347,8.8837786,9.0285788,2.2377682,-.14480019,.010483547,23.216181,22.509205
3,15,2003,80858,15615,7249,8366,29817,304581,334398,11537720320,5989547008,11.300449,8.8886185,9.0319309,2.2685184,-.14331245,.01026923,23.168888,22.513281
3,15,2004,81730,15648,7283,8365,32700,308129,340829,11620793344,5835624448,11.311176,8.8932981,9.0318117,2.2793646,-.13851357,.0095930034,23.176062,22.487247
3,15,2005,83396,16096,7383,8713,35426,306975,342401,12210503680,6346015232,11.331356,8.9069357,9.0725718,2.2587843,-.16563606,.013717652,23.225563,22.571093
3,15,2006,81977,16260,7453,8807,44807,294814,339621,12493628416,6512758272,11.314194,8.9163723,9.0833025,2.2308912,-.1669302,.013932846,23.248486,22.597029
3,15,2007,85098,16380,7538,8842,51131,294700,345831,14257329152,6995273216,11.351559,8.9277124,9.0872688,2.2642899,-.15955639,.01272912,23.380537,22.668501
3,15,2008,81384,16760,7629,9131,58386,277269,335655,,,11.306934,8.9397125,9.1194305,2.1875038,-.17971802,.016149282,,
3,15,2009,87523,17496,8313,9183,65370,294662,360032,,,11.379657,9.0255756,9.1251097,2.2545471,-.099534035,.004953512,,
6,15,1995,542998,115505,81187,34318,57951,1232127,1290078,113830100992,22606637056,13.204861,11.30451,10.443425,2.7614355,.86108494,.37073365,25.457973,23.841509
6,15,1996,556134,116940,82097,34843,59871,1200940,1260811,115031236608,22952476672,13.228765,11.315657,10.458608,2.7701569,.85704899,.36726648,25.46847,23.856691
6,15,1997,556390,112653,80260,32393,70665,1346022,1416687,111380160512,21338562560,13.229225,11.293027,10.385697,2.8435278,.90732956,.41162348,25.436214,23.783781
6,15,1998,544078,109949,77618,32331,74811,1500728,1575539,106761158656,21297721344,13.206848,11.259555,10.383781,2.8230667,.87577343,.38348955,25.39386,23.781866
6,15,1999,559437,110974,77840,33134,84173,1487136,1571309,107033583616,21826689024,13.234686,11.262411,10.408316,2.8263702,.85409546,.36473954,25.396408,23.806398
6,15,2000,586651,111324,78141,33183,83462,1643647,1727109,107426570240,21858967552,13.282186,11.266271,10.409793,2.8723927,.85647774,.36677706,25.400074,23.807877
6,15,2001,570512,112537,77834,34703,87168,1679941,1767109,106136371200,23126204416,13.25429,11.262334,10.454581,2.7997084,.80775261,.32623214,25.387991,23.864233
6,15,2002,582095,114979,80012,34967,91398,1586812,1678210,111135383552,25016119296,13.274389,11.289932,10.46216,2.8122292,.82777214,.34260336,25.434015,23.942787
6,15,2003,570171,118271,81348,36923,91488,1655972,1747460,110823587840,26434623488,13.253692,11.306492,10.51659,2.7371016,.78990173,.31197238,25.431206,23.99794
6,15,2004,580896,120459,84140,36319,89197,1576849,1666046,114556157952,25337006080,13.272327,11.340238,10.500096,2.7722311,.8401413,.35291868,25.464331,23.955532
6,15,2005,606082,122838,86044,36794,92674,1538551,1631225,119570677760,26798495744,13.314771,11.362614,10.51309,2.8016806,.84952354,.36084512,25.507174,24.011612
6,15,2006,595424,123947,87683,36264,87930,1508091,1596021,123458707456,26817153024,13.297029,11.381483,10.498581,2.7984486,.88290215,.38975811,25.539173,24.012308
6,15,2007,620840,126376,88619,37757,83494,1565997,1649491,128607125504,29871130624,13.338829,11.392101,10.538926,2.7999029,.85317516,.36395392,25.580029,24.120159
6,15,2008,621310,127610,90174,37436,70934,1508967,1579901,,,13.339585,11.409496,10.530388,2.8091974,.87910843,.38641581,,
6,15,2009,585036,131478,91873,39605,67273,1271598,1338871,,,13.279428,11.428163,10.586711,2.6927176,.84145164,.35402045,,
9,15,1995,56880,13803,3159,10644,6085,691215,697300,4886391808,7011628032,10.948699,8.0580111,9.2727518,1.6759472,-1.2147408,.73779756,22.309719,22.670835
9,15,1996,59899,14973,3774,11199,6143,724892,731035,5697256960,7377228800,11.000415,8.2358904,9.3235798,1.6768351,-1.0876894,.59153414,22.463251,22.721664
9,15,1997,59956,15103,3810,11293,9619,703826,713445,5744722432,7439150080,11.001367,8.2453842,9.3319387,1.6694279,-1.0865545,.59030038,22.471548,22.730022
9,15,1998,60264,14892,3794,11098,10232,670271,680503,5723226624,7310695936,11.00649,8.2411766,9.3145199,1.6919699,-1.0733433,.57603288,22.467798,22.712605
9,15,1999,60092,15216,3914,11302,20487,636261,656748,5881444352,7445079040,11.003632,8.272315,9.3327351,1.6708965,-1.06042,.56224531,22.495068,22.73082
9,15,2000,68014,15323,3858,11465,17206,695387,712593,5807609344,7552453632,11.127469,8.2579041,9.3470545,1.7804146,-1.0891504,.59312433,22.482435,22.745138
9,15,2001,68780,15443,3906,11537,17169,708484,725653,5873131520,7688298496,11.138668,8.2702694,9.3533144,1.7853537,-1.083045,.58649325,22.493654,22.762966
9,15,2002,70393,16310,4911,11399,17008,685291,702299,7734297600,8155082240,11.161849,8.4992332,9.3412809,1.8205681,-.84204769,.35452217,22.76893,22.821907
9,15,2003,76659,17343,5920,11423,12648,690765,703413,9106916352,8178173440,11.247123,8.6860914,9.3433838,1.903739,-.65729237,.21601662,22.932301,22.824734
9,15,2004,77919,17434,5936,11498,15705,691870,707575,9138814976,8021280768,11.263425,8.6887903,9.3499289,1.913496,-.66113853,.21855208,22.935797,22.805365
9,15,2005,76192,17412,5956,11456,12019,674592,686611,9479959552,8343848448,11.241012,8.6921539,9.3462687,1.894743,-.65411472,.21393304,22.972446,22.84479
9,15,2006,77884,17508,5980,11528,12674,668859,681533,9658042368,8524932096,11.262976,8.6961756,9.3525343,1.9104414,-.65635872,.21540338,22.991056,22.866261
9,15,2007,81412,17562,6054,11508,15060,713986,729046,10780481536,9104456704,11.307278,8.7084742,9.3507977,1.95648,-.64232349,.20628974,23.101004,22.93203
9,15,2008,77085,17739,6156,11583,18422,670094,688516,,,11.252664,8.7251825,9.3572941,1.8953695,-.63211155,.19978251,,
9,15,2009,75990,18326,6672,11654,21844,628397,650241,,,11.238357,8.8056746,9.3634043,1.8749523,-.55772972,.15553123,,
10,15,1995,498929,116226,32865,83361,111597,3736068,3847665,52266364928,54913220608,13.120219,10.400164,11.330935,1.7892838,-.93077183,.43316808,24.679619,24.729019
10,15,1996,516331,114942,33442,81500,122261,3794442,3916703,52904718336,53687308288,13.154503,10.417568,11.308358,1.8461447,-.89078999,.3967534,24.691759,24.706442
10,15,1997,512752,114025,33163,80862,121245,3607637,3728882,52155904000,53267030016,13.147548,10.40919,11.300499,1.8470488,-.89130878,.39721566,24.677504,24.698584
10,15,1998,517621,113678,33894,79784,137935,3672394,3810329,52858032128,52556910592,13.156999,10.430993,11.287078,1.8699207,-.85608482,.36644062,24.690876,24.685162
10,15,1999,518184,114761,35390,79371,119202,3546382,3665584,54277935104,52284850176,13.158086,10.474185,11.281888,1.8761978,-.80770302,.32619208,24.717384,24.679972
10,15,2000,538489,118381,37587,80794,132230,3534557,3666787,56495161344,53222236160,13.196523,10.534413,11.299658,1.8968649,-.76524448,.29279956,24.757421,24.697742
10,15,2001,548166,120118,40738,79380,159680,3667028,3826708,59872628736,52899119104,13.214334,10.614917,11.282001,1.932332,-.66708469,.22250099,24.815485,24.691652
10,15,2002,549288,126255,45163,81092,164058,3685358,3849416,66061484032,58014904320,13.216378,10.718034,11.30334,1.9130383,-.58530617,.17129165,24.913851,24.783966
10,15,2003,567911,125057,44692,80365,207506,3870028,4077534,61663801344,57536454656,13.24972,10.70755,11.294334,1.9553852,-.58678436,.17215794,24.844963,24.775684
10,15,2004,576757,124574,46161,78413,240590,3956139,4196729,64926990336,54702788608,13.265177,10.73989,11.269745,1.9954319,-.52985477,.14037304,24.89653,24.72518
10,15,2005,581559,125031,48656,76375,216805,3808109,4024914,71840866304,55626870784,13.273468,10.79253,11.243411,2.030057,-.450881,.10164684,24.997719,24.741932
10,15,2006,597189,131584,52657,78927,262556,3913074,4175630,80393478144,58366353408,13.299989,10.871554,11.276278,2.0237103,-.40472412,.081900805,25.110199,24.790005
10,15,2007,598435,134074,56336,77738,473837,3916332,4390169,99475030016,61501759488,13.302073,10.939089,11.2611,2.0409737,-.32201099,.051845539,25.323172,24.842331
10,15,2008,598916,139276,59721,79555,472144,3757444,4229588,,,13.302876,10.997439,11.284204,2.0186729,-.28676414,.041116837,,
10,15,2009,556836,146948,66704,80244,658062,3422024,4080086,,,13.230026,11.10802,11.292828,1.9371986,-.18480778,.017076958,,
11,15,1995,34711,10841,626,10215,35083,348455,383538,579065408,6729028608,10.454812,6.4393506,9.2316122,1.2231998,-2.7922616,3.8983624,20.176926,22.629696
11,15,1996,51011,10828,853,9975,38924,490661,529585,789713280,6570931200,10.839797,6.7487597,9.2078371,1.6319599,-2.4590774,3.0235307,20.487181,22.605921
11,15,1997,41888,11492,1141,10351,41135,396230,437365,1054280832,6818617344,10.642755,7.0396605,9.2448387,1.3979158,-2.2051783,2.4314055,20.776125,22.642923
11,15,1998,39225,11859,1455,10404,42589,365163,407752,1343132800,6853530624,10.577069,7.2827611,9.2499456,1.3271236,-1.9671845,1.9349076,21.01827,22.648029
11,15,1999,37045,11875,1771,10104,45509,333228,378737,1633422208,6655908352,10.519889,7.4792995,9.2206869,1.299202,-1.7413874,1.516215,21.213943,22.618771
11,15,2000,34448,12314,2403,9911,45844,298944,344788,2213601280,6528771584,10.447206,7.7844734,9.2014008,1.2458057,-1.4169273,1.0038415,21.517887,22.599485
11,15,2001,36165,12482,2510,9972,49974,313636,363610,2280986112,6645377024,10.495847,7.8280382,9.2075367,1.2883101,-1.3794985,.95150805,21.547874,22.617188
11,15,2002,37335,12638,2905,9733,54718,315527,370245,2757547776,6963190784,10.527686,7.9741888,9.1832771,1.344409,-1.2090883,.73094732,21.737608,22.663904
11,15,2003,43753,12909,3130,9779,63073,362663,425736,2974422784,7001169408,10.686316,8.0487881,9.1879921,1.4983234,-1.139204,.64889288,21.813316,22.669344
11,15,2004,38402,12980,3138,9842,68725,298101,366826,3298515712,6866015232,10.555865,8.0513411,9.1944141,1.3614511,-1.1430731,.65330803,21.916739,22.649849
11,15,2005,34413,13032,3143,9889,71500,258169,329669,3449189376,7202541568,10.44619,8.0529327,9.1991787,1.2470112,-1.146246,.65693992,21.961405,22.697701
11,15,2006,43185,12971,3147,9824,71316,340809,412125,3505814784,7264827904,10.673248,8.0542049,9.192584,1.4806643,-1.1383791,.64795351,21.97769,22.70631
11,15,2007,37356,12994,3136,9858,74715,280937,355652,4019810304,7799073280,10.528249,8.050703,9.1960382,1.3322105,-1.1453352,.65589637,22.1145,22.777271
11,15,2008,34846,12999,3178,9821,76568,259507,336075,,,10.458694,8.0640078,9.1922779,1.2664156,-1.1282701,.63649678,,
11,15,2009,34448,13398,3496,9902,79036,259646,338682,,,10.447206,8.1593752,9.2004919,1.2467146,-1.0411167,.54196203,,
12,15,1995,159091,45900,23957,21943,15696,830020,845716,34456387584,14454730752,11.977232,10.084016,9.9962034,1.9810286,.087812424,.0038555108,24.26296,23.394287
12,15,1996,167584,46944,24212,22732,17166,690486,707652,34750038016,14974476288,12.02924,10.094604,10.031528,1.9977112,.063075066,.0019892319,24.271446,23.429613
12,15,1997,182369,48559,24368,24191,19689,858402,878091,34944122880,15935578112,12.113788,10.101027,10.093736,2.020052,.0072908401,.000026578175,24.277016,23.491819
12,15,1998,187292,50032,24789,25243,20073,839716,859789,35351998464,16628573184,12.140424,10.118155,10.136304,2.0041199,-.018148422,.00016468261,24.28862,23.534388
12,15,1999,199088,51517,25873,25644,23180,1061431,1084611,36497481728,16892727296,12.201502,10.160955,10.152065,2.0494366,.008890152,.000039517399,24.320509,23.55015
12,15,2000,214441,53924,27681,26243,29063,1094749,1123812,38710403072,17287313408,12.27579,10.228501,10.175155,2.1006355,.053346634,.0014229317,24.379374,23.573238
12,15,2001,225959,55879,28964,26915,29594,1034599,1064193,39757258752,17936252928,12.328109,10.273809,10.200439,2.1276693,.07336998,.002691577,24.406057,23.61009
12,15,2002,232740,60497,30556,29941,32002,1249086,1281088,42113101824,21420414976,12.357677,10.327316,10.306984,2.0506935,.020332336,.00020670195,24.463625,23.787611
12,15,2003,250208,68906,31596,37310,47249,1182643,1229892,42115694592,26711691264,12.430048,10.360785,10.527017,1.9030313,-.16623116,.013816399,24.463686,24.008368
12,15,2004,268741,69575,34098,35477,51093,1316872,1367965,45253332992,24749606912,12.501503,10.436994,10.47664,2.0248632,-.039646149,.00078590855,24.535542,23.932076
12,15,2005,282132,76574,35775,40799,58222,1480523,1538745,48437862400,29715490816,12.55013,10.485004,10.616413,1.9337168,-.13140869,.0086341221,24.603548,24.114935
12,15,2006,287707,81244,37585,43659,47765,1477967,1525732,51349848064,32285741056,12.569698,10.53436,10.684165,1.8855333,-.14980507,.011220779,24.661928,24.197891
12,15,2007,293223,88714,41302,47412,52306,1536811,1589117,61892571136,37509603328,12.588689,10.628666,10.76663,1.8220587,-.13796425,.0095170671,24.848665,24.347862
12,15,2008,301543,93534,45702,47832,50027,1453015,1503042,,,12.616668,10.729897,10.77545,1.841218,-.045552254,.0010375039,,
12,15,2009,282871,96268,48508,47760,49994,1279460,1329454,,,12.552746,10.789484,10.773944,1.7788019,.015540123,.00012074771,,
14,15,1995,60542,14434,5094,9340,45068,262919,307987,7662379008,6152631296,11.011092,8.5358191,9.1420612,1.869031,-.60624218,.18376479,22.759588,22.540146
14,15,1996,66359,14572,5104,9468,51728,336578,388306,7676881408,6236950016,11.102835,8.5377798,9.155673,1.9471617,-.61789322,.19089602,22.761478,22.553757
14,15,1997,66150,15699,5425,10274,60424,312949,373373,8196475392,6767894528,11.09968,8.598773,9.2373714,1.8623085,-.63859844,.20390399,22.826969,22.635456
14,15,1998,67322,16145,5540,10605,64844,257375,322219,8382986752,6985937408,11.117243,8.61975,9.2690811,1.8481617,-.64933109,.21081543,22.84947,22.667166
14,15,1999,66678,16166,5561,10605,70016,262485,332501,8402277888,6985937408,11.107631,8.6235332,9.2690811,1.8385496,-.64554787,.20836602,22.851768,22.667166
14,15,2000,67294,16261,5563,10698,72639,261390,334029,8406632448,7047200256,11.116826,8.6238928,9.277812,1.8390141,-.65391922,.21380517,22.852287,22.675896
14,15,2001,71232,16506,5608,10898,75667,317045,392712,8472198656,7262466560,11.173697,8.6319494,9.2963343,1.8773632,-.66438484,.2207036,22.860056,22.705986
14,15,2002,71619,16569,5681,10888,88626,336545,425171,8710668288,7789501952,11.179115,8.6448822,9.2954168,1.8836985,-.65053463,.21159765,22.887814,22.776043
14,15,2003,80379,16556,5692,10864,107105,444041,551146,8416362496,7777963520,11.294508,8.6468172,9.29321,2.001298,-.64639282,.20891184,22.853443,22.774561
14,15,2004,82157,16567,5756,10811,99086,401012,500098,8490271232,7542012928,11.316387,8.6579981,9.2883196,2.0280676,-.6303215,.1986526,22.862186,22.743755
14,15,2005,67811,16468,5792,10676,96032,273640,369672,8795268096,7775744000,11.124479,8.6642332,9.275754,1.8487253,-.61152077,.18697882,22.89748,22.774275
14,15,2006,78627,16562,5824,10738,133157,391663,524820,8976126976,7940728832,11.27247,8.6697426,9.2815437,1.9909267,-.61180115,.18715033,22.917835,22.795271
14,15,2007,77825,16703,5888,10815,117691,359190,476881,9798486016,8556195840,11.262218,8.6806717,9.2886896,1.9735279,-.60801792,.1848429,23.005493,22.869921
14,15,2008,74480,16648,5922,10726,124917,291719,416636,,,11.218286,8.68643,9.280426,1.9378595,-.59399605,.17641565,,
14,15,2009,69208,16318,5944,10374,109003,303173,412176,,,11.144872,8.6901379,9.2470579,1.8978138,-.55692005,.15507998,,
15,15,1995,472108,107616,83747,23869,63877,367696,431573,135285710848,15723463680,13.064963,11.335556,10.080336,2.9846277,1.2552204,.78778917,25.630655,23.47842
15,15,1996,490810,109699,85293,24406,65491,404935,470426,137920921600,16077207552,13.103812,11.353848,10.102584,3.0012283,1.2512636,.7828303,25.649946,23.500668
15,15,1997,481877,114146,88215,25931,66383,358272,424655,142965407744,17081785344,13.085444,11.387532,10.163195,2.9222498,1.2243376,.74950123,25.685869,23.561279
15,15,1998,487902,112588,87030,25558,67922,517424,585346,140909723648,16836075520,13.09787,11.374008,10.148705,2.9491644,1.2253027,.75068337,25.671385,23.546789
15,15,1999,500632,114755,88562,26193,74491,457942,532433,143548186624,17254375424,13.123627,11.391459,10.173247,2.9503794,1.2182112,.74201924,25.689936,23.571331
15,15,2000,516887,114681,88610,26071,77766,576055,653821,143597600768,17174009856,13.15558,11.392,10.168579,2.9870005,1.2234211,.74837959,25.690281,23.566664
15,15,2001,526275,115908,88662,27246,78972,551857,630829,144562356224,18156832768,13.173579,11.392587,10.212662,2.9609175,1.179925,.69611144,25.696978,23.622313
15,15,2002,534875,116862,88960,27902,83282,600217,683499,146770739200,19961671680,13.189789,11.395942,10.236454,2.9533348,1.1594877,.67220587,25.712137,23.717079
15,15,2003,542463,116763,89048,27715,86129,623842,709971,140241289216,19842254848,13.203876,11.396931,10.229729,2.9741468,1.167202,.68118024,25.66663,23.711079
15,15,2004,549685,116975,89077,27898,92164,604115,696279,140577374208,19462313984,13.217101,11.397257,10.23631,2.9807911,1.1609468,.67389882,25.669024,23.691746
15,15,2005,550309,115787,89340,26447,104022,675156,779178,145962909696,19262373888,13.218235,11.400205,10.182898,3.0353374,1.2173071,.74091828,25.706619,23.681419
15,15,2006,549065,115716,90044,25672,102172,636475,738647,148980580352,18984390656,13.215972,11.408053,10.153156,3.0628157,1.2548971,.78738338,25.727081,23.666883
15,15,2007,544566,116546,90874,25672,107782,644747,752529,167281967104,20310185984,13.207745,11.41723,10.153156,3.0545883,1.2640734,.79894072,25.842947,23.734388
15,15,2008,548827,117746,92098,25648,109564,639838,749402,,,13.215539,11.430609,10.152221,3.0633183,1.278388,.81713796,,
15,15,2009,518173,119104,93480,25624,112236,657676,769912,,,13.158065,11.445503,10.151284,3.0067806,1.294219,.83750141,,
16,15,1995,316625,70125,17182,52943,25943,2177048,2202991,27804502016,34875670528,12.665473,9.7516174,10.876971,1.7885017,-1.1253538,.6332106,24.048464,24.275055
16,15,1996,334788,73482,17397,56085,27987,2277051,2305038,28135895040,36945428480,12.721252,9.7640533,10.934624,1.7866287,-1.1705704,.68511748,24.060312,24.332708
16,15,1997,334107,72946,17545,55401,33257,2194345,2227602,28311455744,36494852096,12.719216,9.7725239,10.922353,1.7968636,-1.1498289,.66105324,24.066532,24.320436
16,15,1998,345294,73381,17551,55830,40689,2278660,2319349,28319866880,36777451520,12.752151,9.7728662,10.930067,1.8220844,-1.1572008,.66955686,24.06683,24.328152
16,15,1999,351446,75445,17579,57866,48946,2415383,2464329,28346388480,38118645760,12.769812,9.7744598,10.965885,1.8039265,-1.1914253,.70974714,24.067766,24.36397
16,15,2000,360765,78393,17174,61219,54611,2553157,2607768,27603185664,40327401472,12.795982,9.751152,11.022213,1.7737694,-1.2710609,.80779797,24.041197,24.420298
16,15,2001,367392,79799,17334,62465,79010,2610908,2689918,27995281408,41626902528,12.814185,9.7604256,11.042361,1.7718239,-1.2819357,.82167953,24.055302,24.452013
16,15,2002,370121,76829,17157,59672,90563,2569560,2660123,27962624000,42690592768,12.821586,9.7501612,10.996618,1.8249674,-1.2464571,.77682763,24.054134,24.477245
16,15,2003,380072,78348,16875,61473,103466,2648650,2752116,26107731968,44010930176,12.848116,9.7335882,11.026353,1.821763,-1.2927647,.83562022,23.985497,24.507704
16,15,2004,376904,80753,17081,63672,111687,2660228,2771915,26471464960,44419112960,12.839746,9.7457218,11.061501,1.778245,-1.3157787,.86563683,23.999332,24.516935
16,15,2005,380483,82379,17718,64661,133191,2676102,2809293,28170373120,47095111680,12.849196,9.7823362,11.076914,1.7722826,-1.2945776,.83796561,24.061537,24.575436
16,15,2006,378781,83636,17180,66456,131958,2737283,2869241,27417292800,49144074240,12.844713,9.7515011,11.104296,1.7404175,-1.3527946,.91502666,24.034439,24.618023
16,15,2007,379141,84284,17744,66540,132983,2769333,2902316,31446575104,52642557952,12.845663,9.783803,11.105558,1.7401047,-1.3217554,.87351871,24.171556,24.68679
16,15,2008,372402,85529,18783,66746,130705,2743065,2873770,,,12.827729,9.8407078,11.108649,1.71908,-1.2679415,.80383778,,
16,15,2009,359190,88019,19699,68320,146587,2450996,2597583,,,12.791607,9.8883228,11.131958,1.6596489,-1.2436352,.77331424,,
17,15,1995,38382,8942,2552,6390,1584,413461,415045,3354577664,4209348352,10.555344,7.8446326,8.7624893,1.7928543,-.91785669,.42123047,21.933592,22.160574
17,15,1996,39297,9125,2551,6574,1672,380971,382643,3353259264,4330556416,10.578903,7.8442407,8.7908773,1.7880259,-.94663668,.44806051,21.933199,22.188961
17,15,1997,40157,9574,2756,6818,1755,379646,381401,3623547648,4491289088,10.600552,7.9215355,8.8273211,1.7732306,-.90578556,.41022375,22.010719,22.225405
17,15,1998,42754,10016,2896,7120,1998,398426,400424,3803736320,4690228736,10.663218,7.9710855,8.8706627,1.7925558,-.89957714,.40461951,22.05925,22.268747
17,15,1999,45793,10760,3068,7692,2684,422257,424941,4001512448,5067027968,10.731887,8.0287809,8.9479361,1.7839508,-.91915512,.42242306,22.109938,22.34602
17,15,2000,49863,10904,3298,7606,2662,490369,493031,4257981184,5010376192,10.817035,8.1010714,8.9366922,1.8803425,-.83562088,.34913114,22.172062,22.334776
17,15,2001,49730,10992,3347,7645,2911,494734,497645,4252978944,5094655488,10.814363,8.1158199,8.9418068,1.8725567,-.82598686,.34112716,22.170885,22.351458
17,15,2002,50608,11576,3366,8210,3503,495838,499341,4371115520,5873605120,10.831865,8.12148,9.0131083,1.8187571,-.89162827,.39750049,22.198284,22.493734
17,15,2003,54337,12080,3451,8629,2548,512164,514712,4409889792,6177839104,10.902961,8.1464195,9.0628843,1.8400764,-.91646481,.41995388,22.207115,22.544235
17,15,2004,54889,12431,3570,8861,2775,517956,520731,4540960256,6181646336,10.913068,8.1803207,9.0894146,1.8236532,-.90909386,.41322583,22.236404,22.544851
17,15,2005,55740,13306,3598,9708,2196,524999,527195,4653829632,7070712320,10.928453,8.1881332,9.180706,1.7477474,-.99257278,.49260035,22.260956,22.679228
17,15,2006,56547,13570,3888,9682,1363,508779,510142,5063952896,7159819264,10.942827,8.2656498,9.1780233,1.7648039,-.91237354,.41621274,22.345413,22.691751
17,15,2007,59088,13686,4005,9681,1604,555650,557254,5358671872,7659041280,10.986783,8.2952986,9.1779203,1.8088627,-.88262177,.3895106,22.401981,22.759153
17,15,2008,59407,14253,4210,10043,1550,555303,556853,,,10.992167,8.3452177,9.2146311,1.7775364,-.86941338,.37793982,,
17,15,2009,56073,14223,4014,10209,2457,506495,508952,,,10.93441,8.2975435,9.2310247,1.7033854,-.93348122,.43569359,,
18,15,1995,31264,7404,1888,5516,2519,283002,285521,3243391744,3633609472,10.350223,7.5432734,8.6154079,1.7348146,-1.0721345,.57473618,21.899885,22.013493
18,15,1996,32318,7536,1888,5648,2786,289253,292039,3243391744,3720563200,10.38338,7.5432734,8.6390572,1.7443228,-1.0957837,.60037094,21.899885,22.037142
18,15,1997,32435,7534,1888,5646,2819,301705,304524,3243391744,3719245824,10.386993,7.5432734,8.6387024,1.748291,-1.0954289,.59998226,21.899885,22.036787
18,15,1998,34260,7874,1891,5983,2722,310647,313369,3248576512,3941241088,10.441733,7.5448608,8.6966772,1.7450562,-1.1518164,.66334045,21.901484,22.094761
18,15,1999,34904,7866,1888,5978,2681,306714,309395,3243391744,3937947392,10.460357,7.5432734,8.6958418,1.7645149,-1.1525683,.66420686,21.899885,22.093925
18,15,2000,32259,8282,1899,6383,2676,279455,282131,3262403072,4204737024,10.381553,7.5490828,8.7613935,1.6201591,-1.2123108,.73484874,21.905729,22.159477
18,15,2001,33704,8393,1915,6478,2836,291805,294641,3327853824,4316962816,10.425372,7.5574727,8.7761669,1.6492052,-1.2186942,.74260777,21.925594,22.185818
18,15,2002,33475,8514,1915,6599,2290,280642,282932,3359904768,4721061888,10.418554,7.5574727,8.794673,1.6238813,-1.2372003,.76533222,21.935179,22.275299
18,15,2003,31378,8311,1923,6388,3131,302828,305959,3183709696,4573419520,10.353863,7.5616417,8.7621765,1.5916862,-1.2005348,.72064191,21.881313,22.243526
18,15,2004,31262,8633,1918,6715,9904,272234,282138,3195033856,4684545024,10.350159,7.5590382,8.8120995,1.5380592,-1.2530613,.78508133,21.884863,22.267534
18,15,2005,33219,8586,1932,6654,22659,256329,278988,3348282368,4846365696,10.410877,7.5663109,8.8029737,1.6079035,-1.2366629,.76466751,21.931713,22.301495
18,15,2006,33345,8620,1948,6672,19550,252886,272436,3418017792,4933930496,10.414663,7.5745583,8.8056746,1.6089888,-1.2311163,.75782365,21.952326,22.319403
18,15,2007,37220,8542,1935,6607,22568,275770,298338,3876312064,5227072000,10.524602,7.5678625,8.7958851,1.7287169,-1.2280226,.75401974,22.07815,22.377117
18,15,2008,37383,8631,2126,6505,28326,264165,292491,,,10.528972,7.6619978,8.7803268,1.7486448,-1.118329,.62532991,,
18,15,2009,33344,8806,2196,6610,31526,211622,243148,,,10.414633,7.6943927,8.796339,1.6182938,-1.1019464,.60714287,,
21,15,1995,16818,4060,523,3537,0,162499,162499,687165760,2329963264,9.7302046,6.2595816,8.1710339,1.5591707,-1.9114523,1.8268249,20.348085,21.569118
21,15,1996,18077,4194,528,3666,293,174543,174836,693758144,2414940672,9.8023958,6.2690964,8.2068567,1.5955391,-1.9377604,1.8774576,20.357634,21.60494
21,15,1997,18825,4302,582,3720,915,182812,183727,744564096,2450512640,9.8429413,6.3664703,8.2214794,1.6214619,-1.8550091,1.7205293,20.42831,21.619562
21,15,1998,20000,4459,587,3872,879,192888,193767,749157248,2550641152,9.9034872,6.3750248,8.2615261,1.6419611,-1.8865013,1.7794436,20.43446,21.659611
21,15,1999,20889,4352,598,3754,963,204041,205004,760461824,2472909824,9.9469776,6.3935909,8.2305775,1.7164001,-1.8369865,1.6872598,20.449436,21.628662
21,15,2000,22684,4707,643,4064,988,208818,209806,801800512,2677119232,10.029415,6.4661446,8.3099232,1.719492,-1.8437786,1.6997598,20.502371,21.708008
21,15,2001,23679,4717,653,4064,1005,224256,225261,801643072,2708264192,10.072344,6.4815769,8.3099232,1.7624207,-1.8283463,1.671425,20.502174,21.719574
21,15,2002,23926,5428,668,4760,811,217939,218750,836786048,3405403136,10.082721,6.5042882,8.4680033,1.6147175,-1.9637151,1.9280884,20.545078,21.948629
21,15,2003,24065,5641,742,4899,775,213542,214317,899664960,3507386112,10.088513,6.6093493,8.4967861,1.5917273,-1.8874369,1.781209,20.617533,21.978136
21,15,2004,24413,5802,873,4929,1038,207958,208996,1052044672,3438588672,10.102871,6.7719355,8.5028915,1.5999794,-1.7309561,1.4981045,20.774002,21.958326
21,15,2005,24792,6270,1020,5250,1247,207123,208370,1237246848,3823778304,10.118277,6.9275579,8.5659838,1.5522928,-1.6384258,1.3422196,20.936155,22.064505
21,15,2006,26122,6443,1272,5171,1279,213574,214853,1536386816,3823943936,10.170533,7.1483459,8.5508213,1.6197119,-1.4024754,.98346859,21.152699,22.064548
21,15,2007,26945,7486,1381,6105,1350,210154,211504,1801168768,4829919232,10.201553,7.2305632,8.7168636,1.4846897,-1.4863005,1.1045445,21.311701,22.298096
21,15,2008,28870,7402,1559,5843,1602,213073,214675,,,10.270558,7.3518,8.6729994,1.597559,-1.3211994,.87278396,,
21,15,2009,27057,7604,1794,5810,1785,196909,198694,,,10.205701,7.4922032,8.6673355,1.5383654,-1.1751323,.69046795,,
22,15,1995,229216,65923,20352,45571,4348,1758290,1762638,26996609024,30019438592,12.34242,9.9209347,10.727027,1.6153927,-.80609226,.32489237,24.018976,24.125111
22,15,1996,232374,68289,20411,47878,6249,1731379,1737628,27074203648,31539150848,12.356104,9.9238291,10.776411,1.5796928,-.85258198,.36344802,24.021847,24.174496
22,15,1997,239297,70426,20611,49815,8866,1775585,1784451,27319134208,32815130624,12.385461,9.9335804,10.816072,1.5693893,-.88249111,.38939527,24.030853,24.214155
22,15,1998,246953,72528,20787,51741,12219,1840816,1853035,27540434944,34083864576,12.416953,9.9420834,10.854006,1.5629473,-.91192245,.41580129,24.038921,24.25209
22,15,1999,252748,73863,21279,52584,18444,1843640,1862084,28173598720,34639179776,12.440148,9.965476,10.870167,1.5699816,-.90469074,.40923268,24.061651,24.268251
22,15,2000,263305,75510,21318,54192,18321,1946809,1965130,28175890432,35698434048,12.481069,9.9673071,10.900289,1.58078,-.93298149,.43522725,24.061733,24.298372
22,15,2001,265981,76093,21691,54402,24075,1882168,1906243,28205791232,36253687808,12.49118,9.9846525,10.904156,1.5870247,-.91950321,.42274308,24.062794,24.313807
22,15,2002,270799,76507,21982,54525,33033,1999793,2032826,29233049600,39008321536,12.509132,9.9979792,10.906415,1.6027174,-.90843582,.41262782,24.098566,24.387041
22,15,2003,280202,78313,22267,56046,61306,1959652,2020958,29601841152,40125526016,12.543266,10.010861,10.933928,1.6093378,-.92306709,.42602643,24.111103,24.415279
22,15,2004,290047,81336,22544,58792,87897,2248757,2336654,30235514880,41014710272,12.577798,10.023224,10.981761,1.5960369,-.9585371,.45939669,24.132282,24.437197
22,15,2005,290635,85498,23333,62165,95034,2266239,2361273,31115247616,45277175808,12.579823,10.057624,11.037547,1.5422764,-.97992325,.48012477,24.160963,24.536068
22,15,2006,301259,89486,23690,65796,104386,2421190,2525576,31788140544,48656007168,12.615726,10.072808,11.094315,1.5214109,-1.0215063,.52173758,24.18236,24.608042
22,15,2007,301299,93599,24577,69022,109978,2337155,2447133,32916045824,54606172160,12.615858,10.109567,11.14218,1.4736776,-1.0326138,.53314561,24.217226,24.723413
22,15,2008,307065,98626,25904,72722,111074,2268534,2379608,,,12.634814,10.162152,11.194399,1.4404154,-1.0322466,.53276652,,
22,15,2009,281106,101447,28087,73360,130048,1945980,2076028,,,12.546487,10.243062,11.203135,1.3433523,-.96007252,.46086961,,
23,15,1995,931237,227517,85360,142157,116598,5209785,5326383,129722793984,93644496896,13.744269,11.354633,11.864687,1.8795824,-.51005363,.13007736,25.588665,25.262772
23,15,1996,951247,234433,87710,146723,122478,5273419,5395897,133414133760,96652304384,13.765529,11.381791,11.896301,1.8692274,-.51451015,.13236035,25.616724,25.294386
23,15,1997,975977,243310,90332,152978,131793,5176288,5308081,137963765760,100772724736,13.791194,11.411247,11.938049,1.8531446,-.52680206,.13876021,25.650257,25.336134
23,15,1998,981415,251197,91302,159895,131642,5050750,5182392,139313741824,105329221632,13.796751,11.421928,11.982273,1.8144779,-.5603447,.15699309,25.659994,25.380356
23,15,1999,998569,254605,91885,162720,133695,5340087,5473782,140201345024,107190165504,13.814078,11.428293,11.999786,1.814292,-.57149315,.16330221,25.666346,25.397871
23,15,2000,1019265,260490,92519,167971,132181,5455882,5588063,141225459712,110649212928,13.834592,11.435169,12.031547,1.8030453,-.59637737,.17783299,25.673624,25.42963
23,15,2001,1001251,263653,93424,170229,131809,5310529,5442338,142933852160,113441218560,13.816761,11.444903,12.0449,1.7718611,-.59999657,.17999794,25.685648,25.45455
23,15,2002,1019605,268147,93757,174390,140806,5650582,5791388,145788731392,124762234880,13.834926,11.448462,12.06905,1.7658758,-.6205883,.19256492,25.705425,25.549675
23,15,2003,1009314,270579,94357,176222,151860,5907425,6059285,142054932480,126164238336,13.824781,11.454841,12.0795,1.7452812,-.62465954,.19509977,25.67948,25.56085
23,15,2004,1037520,275268,96295,178973,155775,5812588,5968363,145938710528,124855861248,13.852344,11.475172,12.09499,1.7573538,-.61981773,.19208701,25.706453,25.550426
23,15,2005,1056873,277323,100055,177268,185492,5908451,6093943,156525707264,129111146496,13.870825,11.513475,12.085418,1.7854071,-.57194233,.16355902,25.776485,25.583939
23,15,2006,1062321,278710,100871,177839,187134,5859693,6046827,160246939648,131511574528,13.875967,11.521598,12.088634,1.7873335,-.56703568,.16076472,25.799982,25.60236
23,15,2007,1092834,279152,100758,178394,191991,6578221,6770212,175452078080,141134905344,13.904284,11.520477,12.09175,1.8125343,-.57127285,.16317633,25.890633,25.672981
23,15,2008,1040454,280533,99708,180825,186498,6139400,6325898,,,13.855167,11.510001,12.105285,1.7498827,-.59528351,.17718123,,
23,15,2009,1007606,284486,101249,183237,176814,5616418,5793232,,,13.823088,11.525338,12.118536,1.7045517,-.59319782,.17594182,,
24,15,1995,175787,32186,11711,20475,2053,1113446,1115499,18975313920,13487700992,12.077028,9.3682842,9.92696,2.1500683,-.55867577,.15605931,23.666405,23.325045
24,15,1996,196715,39241,12712,26529,3307,1247476,1250783,20704950272,17475713024,12.189511,9.4503021,10.185994,2.0035172,-.73569202,.27062139,23.753639,23.584078
24,15,1997,215127,45336,13434,31902,1530,1445802,1447332,21945497600,21015121920,12.278984,9.5055437,10.370424,1.9085598,-.86488056,.37400919,23.811829,23.768509
24,15,1998,208115,47986,15150,32836,2390,1190956,1193346,24904732672,21630386176,12.245846,9.6257563,10.399281,1.8465652,-.77352428,.2991699,23.938324,23.797365
24,15,1999,226512,51595,16871,34724,3346,1271360,1274706,27871078400,22874085376,12.330553,9.7333517,10.455187,1.8753662,-.72183514,.26052299,24.050856,23.85327
24,15,2000,277691,53693,16876,36817,4242,1801857,1806099,27876071424,24252829696,12.534265,9.7336473,10.513715,2.0205498,-.78006744,.30425259,24.051035,23.911798
24,15,2001,297872,56763,17646,39117,6775,1921359,1928134,29115521024,26067709952,12.604419,9.778264,10.574312,2.0301065,-.79604816,.31684634,24.094538,23.983963
24,15,2002,317295,58951,19610,39341,10810,2066273,2077083,32937230336,28145371136,12.667587,9.8837948,10.580023,2.0875645,-.69622803,.24236673,24.217869,24.060648
24,15,2003,329666,60679,19618,41061,11394,1998453,2009847,31334234112,29397178368,12.705835,9.884203,10.622814,2.0830212,-.73861122,.27277327,24.167976,24.104164
24,15,2004,352725,64532,20633,43899,13534,2342882,2356416,33142347776,30624995328,12.773444,9.9346466,10.689647,2.0837975,-.75500011,.28501257,24.224077,24.145082
24,15,2005,372795,66537,21172,45365,14529,2402453,2416982,35348004864,33041086464,12.828784,9.9604349,10.722496,2.106288,-.76206112,.29036859,24.288507,24.221018
24,15,2006,388205,70081,23415,46666,16373,2521264,2537637,39172251648,34509410304,12.869288,10.061132,10.750772,2.1185169,-.68963909,.23780105,24.391235,24.264498
24,15,2007,410370,73373,23485,49888,20728,2625375,2646103,44215541760,39468470272,12.924814,10.064117,10.817535,2.1072788,-.75341797,.28381932,24.512342,24.398767
24,15,2008,428661,79859,23882,55977,23696,2695774,2719470,,,12.968422,10.08088,10.932696,2.0357256,-.85181618,.36279541,,
24,15,2009,434978,80610,24106,56504,25433,2913557,2938990,,,12.98305,10.090216,10.942067,2.0409832,-.85185146,.36282545,,
26,15,1995,1192,1250,1133,117,885,4948,5833,1493837312,77072576,7.0833879,7.0326242,4.7621741,2.3212137,2.2704501,2.577472,21.124615,18.160257
26,15,1996,1227,1270,1135,135,685,4582,5267,1495674624,88929896,7.1123276,7.0343881,4.9052749,2.2070527,2.1291132,2.2665615,21.125843,18.303358
26,15,1997,1234,1272,1137,135,810,3284,4094,1497511808,88929896,7.1180162,7.0361485,4.9052749,2.2127414,2.1308737,2.2703114,21.127071,18.303358
26,15,1998,1255,1201,1143,58,1061,1899,2960,1503023616,38206916,7.134891,7.0414119,4.0604429,3.0744481,2.980969,4.4430881,21.130745,17.458527
26,15,1999,1008,1218,1147,71,1222,2093,3315,1506698240,46770536,6.9157233,7.0449052,4.2626801,2.6530433,2.7822251,3.8703883,21.133186,17.660765
26,15,2000,1134,1220,1147,73,1223,2771,3994,1506698240,48088016,7.0335064,7.0449052,4.2904596,2.7430468,2.7544456,3.7934852,21.133186,17.688543
26,15,2001,1586,1238,1148,90,1242,6313,7555,1489385472,59976324,7.3689704,7.0457764,4.4998097,2.8691607,2.5459666,3.240973,21.12163,17.90946
26,15,2002,3672,1627,1150,477,1271,20856,22127,1528187264,341255744,8.2084913,7.0475173,6.1675167,2.0409746,.88000059,.38720053,21.147348,19.648142
26,15,2003,3594,1654,1169,485,1403,20928,22331,1557383424,347230496,8.1870213,7.0639038,6.1841488,2.0028725,.87975502,.38698444,21.166273,19.665499
26,15,2004,4102,1682,1193,489,1556,25005,26561,1592591488,341138144,8.3192301,7.0842266,6.1923623,2.1268678,.8918643,.39771098,21.188629,19.647799
26,15,2005,4105,1683,1193,490,1520,24652,26172,1619104000,356885984,8.3199606,7.0842266,6.1944056,2.125555,.88982105,.39589074,21.205139,19.692926
26,15,2006,4302,1684,1193,491,1641,25891,27532,1644324992,363093504,8.3668356,7.0842266,6.196444,2.1703916,.88778257,.39407894,21.220596,19.710171
26,15,2007,3960,1685,1193,492,1715,22862,24577,1672372096,389241632,8.2839994,7.0842266,6.1984787,2.0855207,.88574791,.39227468,21.237509,19.779711
26,15,2008,3518,1699,1202,497,1816,19449,21265,,,8.1656475,7.091742,6.20859,1.9570575,.88315201,.38997874,,
26,15,2009,3832,1702,1202,500,2341,22335,24676,,,8.2511425,7.091742,6.2146082,2.0365343,.87713385,.38468188,,
28,15,1995,145074,35862,11438,24424,38064,1146040,1184104,15861783552,16089064448,11.884999,9.344696,10.103321,1.7816782,-.75862503,.28775597,23.487179,23.501406
28,15,1996,154680,37618,12135,25483,29789,1234169,1263958,16779718656,16786670592,11.949114,9.4038486,10.145767,1.8033466,-.74191856,.27522159,23.543436,23.543852
28,15,1997,162760,38140,12154,25986,28168,1342667,1370835,16803530752,17118016512,12.000032,9.4054136,10.165313,1.8347197,-.75989914,.28872335,23.544855,23.563396
28,15,1998,171834,38529,11822,26707,30495,1500334,1530829,16367512576,17592967168,12.054284,9.377717,10.192681,1.8616028,-.81496429,.3320834,23.518564,23.590765
28,15,1999,180766,38998,11801,27197,29390,1507209,1536599,16365722624,17915750400,12.104959,9.3759394,10.210862,1.8940964,-.83492279,.34854802,23.518456,23.608946
28,15,2000,194216,40345,11904,28441,31678,1676809,1708487,16534236160,18735222784,12.176726,9.3846302,10.255587,1.9211397,-.87095642,.37928253,23.5287,23.653671
28,15,2001,201361,42514,11888,30626,46082,1743151,1789233,16389917696,20409276416,12.212854,9.3832846,10.329604,1.8832502,-.94631958,.44776037,23.519932,23.739256
28,15,2002,205022,45716,11891,33825,46770,1796742,1843512,16744782848,24199108608,12.230872,9.3835373,10.428955,1.8019171,-1.0454178,.54644918,23.541353,23.909582
28,15,2003,203852,49706,12017,37689,45502,1832277,1877779,17074213888,26983032832,12.225149,9.3940773,10.537124,1.6880255,-1.1430464,.65327752,23.560835,24.018475
28,15,2004,220648,52268,12932,39336,46623,1759126,1805749,18969270272,27441737728,12.304324,9.4674597,10.579895,1.7244291,-1.1124353,.61875618,23.666086,24.035332
28,15,2005,231601,52497,12957,39540,47455,1820003,1867458,18517577728,28798513152,12.352772,9.4693918,10.585068,1.767704,-1.1156759,.62236637,23.641987,24.08359
28,15,2006,238206,55352,13242,42110,41834,1844419,1886253,18810324992,31140257792,12.380891,9.4911489,10.648041,1.7328501,-1.1568918,.66919935,23.657671,24.161768
28,15,2007,245946,57839,14022,43817,47157,1881826,1928983,19547766784,34665447424,12.412868,9.5483828,10.687778,1.72509,-1.1393948,.6491102,23.696127,24.269009
28,15,2008,251663,58304,13921,44383,43343,1818257,1861600,,,12.435846,9.5411539,10.700612,1.7352343,-1.1594582,.67217159,,
28,15,2009,250016,59326,14359,44967,47334,1872359,1919693,,,12.42928,9.5721321,10.713684,1.7155962,-1.141552,.65157044,,
30,15,1995,77553,19034,794,18240,31316,685146,716462,1157315200,12015416320,11.258717,6.6770835,9.8113718,1.4473448,-3.1342883,4.9118814,20.86937,23.209455
30,15,1996,81748,20441,841,19600,40306,711571,751877,1202608256,12911302656,11.311397,6.7345915,9.8832846,1.428112,-3.1486931,4.9571342,20.907759,23.281368
30,15,1997,83203,20132,814,19318,47025,724458,771483,1134580096,12725538816,11.329039,6.7019606,9.8687925,1.4602461,-3.166832,5.0144124,20.849529,23.266876
30,15,1998,87668,20212,855,19357,50734,750389,801123,1176478592,12751228928,11.381312,6.7511015,9.8708096,1.5105028,-3.1197081,4.8662891,20.885792,23.268894
30,15,1999,83181,20675,905,19770,54186,711375,765561,1228761984,13023289344,11.328774,6.8079348,9.891921,1.4368534,-3.0839863,4.7554855,20.929274,23.290005
30,15,2000,86029,21062,946,20116,57192,730427,787619,1274894720,13251213312,11.36244,6.8522425,9.9092712,1.4531689,-3.0570288,4.6727123,20.966129,23.307356
30,15,2001,89862,20382,992,19390,60510,780121,840631,1329981696,12921566208,11.406031,6.8997231,9.8725128,1.5335178,-2.9727898,4.4187393,21.00843,23.282164
30,15,2002,92068,20876,1182,19694,67382,803310,870692,1549642880,14089497600,11.430283,7.0749631,9.8880692,1.5422134,-2.8131061,3.9567828,21.161291,23.368696
30,15,2003,92973,20926,1438,19488,66192,807404,873596,1799934976,13952223232,11.440064,7.2710085,9.8775539,1.5625105,-2.6065454,3.3970397,21.311016,23.358904
30,15,2004,98409,21833,1608,20225,75074,840050,915124,2081143936,14109445120,11.496887,7.3827462,9.9146748,1.5822124,-2.5319285,3.2053311,21.456184,23.37011
30,15,2005,96171,21800,1761,20039,93115,794594,887709,2342336256,14595179520,11.473883,7.4736371,9.9054356,1.5684471,-2.4317985,2.9568219,21.574415,23.403957
30,15,2006,94427,22977,2157,20820,91473,761697,853170,2861208320,15396346880,11.455583,7.6764736,9.9436693,1.5119133,-2.2671957,2.5700881,21.774509,23.457396
30,15,2007,100851,23802,2348,21454,81820,794015,875835,3552731392,16973150208,11.521399,7.7613192,9.9736662,1.5477333,-2.212347,2.4472396,21.990982,23.554899
30,15,2008,103376,24875,2753,22122,97680,798546,896226,,,11.546128,7.9204464,10.004328,1.5418005,-2.0838814,2.1712809,,
30,15,2009,108946,25992,2837,23155,106528,827819,934347,,,11.598608,7.9505024,10.049966,1.5486422,-2.0994635,2.2038734,,
32,15,1995,31866,9318,4425,4893,6176,222250,228426,5833528320,3223214592,10.369295,8.3950253,8.4955606,1.8737345,-.10053539,.0050536827,22.486887,21.893644
32,15,1996,33185,9396,4454,4942,5872,172628,178500,5867765760,3255492864,10.409853,8.4015579,8.5055256,1.9043274,-.10396767,.0054046377,22.492741,21.90361
32,15,1997,32857,9469,4476,4993,6907,184184,191091,5894091264,3289088512,10.39992,8.4064846,8.5157919,1.8841286,-.10930729,.0059740418,22.497215,21.913876
32,15,1998,37479,9787,4560,5227,6513,227141,233654,5997860352,3443233792,10.531536,8.4250774,8.5615931,1.969943,-.13651562,.0093182568,22.514669,21.959677
32,15,1999,41740,10755,4599,6156,10141,299811,309952,6046909952,4055203072,10.639215,8.4335938,8.7251825,1.9140329,-.29158878,.042512011,22.522814,22.123266
32,15,2000,42215,10899,4624,6275,14894,266041,280935,6069475840,4133593344,10.650531,8.4390154,8.7443285,1.9062023,-.30531311,.046608049,22.526539,22.142412
32,15,2001,44844,10991,4700,6291,14764,265307,280071,6077017600,4192345088,10.710945,8.4553175,8.7468758,1.9640694,-.29155827,.042503111,22.527781,22.156527
32,15,2002,44390,11240,4792,6448,15669,311432,327101,6311448576,4613033472,10.700769,8.4747028,8.7715254,1.929244,-.29682255,.044051811,22.565632,22.252151
32,15,2003,45375,11621,4872,6749,15616,255013,270629,6332195328,4831873536,10.722716,8.4912596,8.8171492,1.9055672,-.32588959,.053102013,22.568913,22.2985
32,15,2004,43482,12713,5421,7292,16688,280037,296725,6960199680,5087074304,10.680102,8.5980358,8.8945332,1.7855692,-.29649734,.043955337,22.663473,22.349968
32,15,2005,44984,13391,6114,7277,17914,328629,346543,7866934784,5300121088,10.714062,8.7183361,8.8924742,1.8215876,-.17413807,.015162034,22.785934,22.390995
32,15,2006,47493,14459,6774,7685,17729,285000,302729,8734042112,5683041792,10.768337,8.8208466,8.9470253,1.821312,-.12617874,.0079605374,22.890493,22.460752
32,15,2007,45908,14994,7302,7692,18909,261859,280768,9739577344,6085460480,10.734395,8.8959036,8.9479361,1.786459,-.052032471,.001353689,22.999464,22.529169
32,15,2008,44579,15763,7996,7767,18467,260332,278799,,,10.705018,8.9866962,8.9576397,1.7473783,.029056549,.00042214151,,
32,15,2009,48718,17392,8546,8846,22545,269745,292290,,,10.793804,9.0532188,9.0877209,1.7060833,-.034502029,.00059519504,,
35,15,1995,23418,7238,4020,3218,3671,176744,180415,6021602816,2119825152,10.06126,8.299037,8.0765152,1.984745,.22252178,.024757972,22.51862,21.4746
35,15,1996,22783,7439,4150,3289,2171,175826,177997,6193005056,2166595840,10.03377,8.330864,8.0983391,1.9354305,.23252487,.027033908,22.546686,21.496424
35,15,1997,22105,7863,4159,3704,2068,176398,178466,6204871680,2439972864,10.003559,8.3330297,8.2171688,1.7863903,.11586094,.0067118788,22.548601,21.615253
35,15,1998,23002,7777,4617,3160,2364,169501,171865,6989064192,2081618304,10.043337,8.4375,8.0583277,1.9850092,.37917233,.071885824,22.667612,21.456411
35,15,1999,25410,7752,4619,3133,3898,165413,169311,6991700992,2063832320,10.142898,8.4379339,8.0497465,2.0931511,.38818741,.075344734,22.66799,21.44783
35,15,2000,27744,7454,5060,2394,3888,138062,141950,7753479168,1577023488,10.230775,8.5291214,7.7807207,2.4500542,.74840069,.2800518,22.771408,21.178804
35,15,2001,29613,8333,5142,3191,2173,153703,155876,7876612608,2126493952,10.295969,8.5451975,8.0680895,2.2278795,.477108,.11381602,22.787165,21.477741
35,15,2002,29980,8129,5145,2984,3099,132025,135124,7995856896,2134815744,10.308286,8.5457802,8.0010204,2.3072653,.54475975,.14838159,22.802189,21.481646
35,15,2003,28715,8212,5150,3062,2600,151819,154419,7704324608,2192205824,10.265175,8.546752,8.026824,2.2383509,.51992798,.13516255,22.765047,21.508175
35,15,2004,28153,8278,5161,3117,2956,142809,145765,7715011072,2174493952,10.245409,8.5488853,8.0446262,2.2007828,.50425911,.12713863,22.766434,21.500061
35,15,2005,29291,8257,5157,3100,4391,135386,139777,7950985728,2257850112,10.285035,8.54811,8.0391569,2.2458782,.50895309,.12951663,22.796562,21.53768
35,15,2006,28906,8219,5158,3061,6326,124240,130566,8075955712,2263603200,10.271805,8.5483046,8.0264969,2.2453079,.52180767,.13614163,22.812157,21.540224
35,15,2007,25766,7348,4720,2628,6156,113032,119188,7889894912,2079120000,10.156811,8.4595642,7.8739786,2.2828321,.58558559,.17145525,22.788849,21.45521
35,15,2008,26645,7357,4753,2604,7716,106763,114479,,,10.190357,8.4665308,7.8648038,2.3255534,.60172701,.18103769,,
35,15,2009,24102,7154,4311,2843,9488,105360,114848,,,10.09005,8.3689251,7.9526153,2.1374345,.41630983,.086656936,,
36,15,1995,11827,2518,1421,1097,106,49989,50095,2145691904,722637760,9.3781404,7.2591162,7.0003343,2.3778062,.25878191,.033484038,21.486729,20.398418
36,15,1996,12022,2495,1398,1097,96,49717,49813,2115366912,722637760,9.3944941,7.2427979,7.0003343,2.3941598,.24246359,.029394295,21.472494,20.398418
36,15,1997,12357,2495,1398,1097,94,60602,60696,2115366912,722637760,9.421978,7.2427979,7.0003343,2.4216437,.24246359,.029394295,21.472494,20.398418
36,15,1998,12891,2571,1474,1097,103,63671,63774,2215571456,722637760,9.4642849,7.2957349,7.0003343,2.4639506,.29540062,.043630764,21.518776,20.398418
36,15,1999,12457,2576,1479,1097,334,56678,57012,2222163712,722637760,9.4300385,7.2991214,7.0003343,2.4297042,.29878712,.044636872,21.521748,20.398418
36,15,2000,12795,2614,1499,1115,986,58766,59752,2245254656,734495040,9.45681,7.3125534,7.0166097,2.4402003,.29594374,.043791346,21.532085,20.414694
36,15,2001,13591,2899,1562,1337,1039,64427,65466,2327422976,890981632,9.5171633,7.3537221,7.1981835,2.3189797,.15553856,.012096122,21.568027,20.607834
36,15,2002,13693,2943,1605,1338,1398,67455,68853,2421463296,957233088,9.5246401,7.3808789,7.1989312,2.3257089,.18194771,.016552484,21.607637,20.679558
36,15,2003,12895,2970,1630,1340,1556,64942,66498,2376049408,959358528,9.4645948,7.3963351,7.2004247,2.2641702,.19591045,.019190453,21.588705,20.681776
36,15,2004,14308,2965,1630,1335,1689,65199,66888,2370902272,931328000,9.568574,7.3963351,7.1966867,2.3718872,.19964838,.019929739,21.586536,20.652122
36,15,2005,14149,2992,1635,1357,1560,65964,67524,2444192256,988355648,9.5573988,7.3993979,7.2130318,2.344367,.18636608,.017366158,21.61698,20.711554
36,15,2006,14117,3038,1675,1363,1556,67209,68765,2540331264,1007935680,9.5551348,7.4235682,7.2174435,2.3376913,.20612478,.021243714,21.65556,20.731171
36,15,2007,14044,3035,1684,1351,1428,68325,69753,2731888896,1068832192,9.5499506,7.4289274,7.2086005,2.3413501,.2203269,.024271971,21.72826,20.789833
36,15,2008,15357,2989,1694,1295,3442,66668,70110,,,9.639327,7.4348478,7.166266,2.4730611,.26858187,.036068108,,
36,15,2009,15374,3050,1740,1310,2729,64599,67328,,,9.6404333,7.4616404,7.1777825,2.4626508,.28385782,.040287632,,
37,15,1995,144226,33625,26276,7349,89388,101205,190593,38741938176,4841079808,11.879137,10.176412,8.9023199,2.9768171,1.2740917,.81165487,24.380188,22.300404
37,15,1996,136557,34160,26365,7795,102405,154717,257122,38844088320,5134878208,11.824497,10.179792,8.9612379,2.8632593,1.2185545,.74243754,24.382822,22.359322
37,15,1997,145027,34539,26670,7869,100861,101809,202670,39250501632,5183624704,11.884675,10.191295,8.970686,2.9139891,1.2206087,.74494278,24.39323,22.368771
37,15,1998,154385,33027,26519,6508,100432,109067,209499,39031017472,4287079680,11.947205,10.185616,8.7807875,3.1664171,1.404829,.9867723,24.387623,22.178871
37,15,1999,150539,34101,26726,7375,114025,87434,201459,39293997056,4858207232,11.921977,10.193392,8.9058514,3.0161257,1.2875404,.82888019,24.394337,22.303936
37,15,2000,141594,33724,26198,7526,124553,63089,187642,38340591616,4957677056,11.860719,10.173438,8.9261189,2.9345999,1.2473192,.7779026,24.369776,22.324203
37,15,2001,157637,33838,26302,7536,136017,74388,210405,38357999616,5022017536,11.96805,10.177401,8.9274464,3.0406036,1.2499542,.78119278,24.37023,22.337097
37,15,2002,143235,32506,26044,6462,135916,90863,226779,38641065984,4623049216,11.872242,10.167542,8.773694,3.0985479,1.3938484,.9714067,24.377581,22.25432
37,15,2003,132537,33365,25987,7378,154337,98233,252570,37385478144,5282199552,11.794617,10.165352,8.9062576,2.8883591,1.2590942,.79265916,24.344547,22.387608
37,15,2004,148531,33696,26272,7424,160106,81578,241684,37696249856,5179160576,11.908549,10.176259,8.9124737,2.9960756,1.2637854,.79857671,24.352827,22.367908
37,15,2005,154612,33390,26313,7077,178050,65888,243938,38768312320,5154452992,11.948674,10.177818,8.8646049,3.0840693,1.3132133,.86226463,24.380869,22.363127
37,15,2006,140374,34127,26245,7882,186342,68616,254958,39269203968,5828722688,11.852066,10.175231,8.9723368,2.8797293,1.2028942,.72347724,24.393707,22.486063
37,15,2007,145133,34300,26427,7873,190549,59223,249772,41877815296,6228657152,11.885406,10.182141,8.9711943,2.9142113,1.210947,.73319638,24.458021,22.552427
37,15,2008,146410,33943,26197,7746,195512,53799,249311,,,11.894166,10.1734,8.9549322,2.9392338,1.2184677,.7423318,,
37,15,2009,133331,35285,26948,8337,206373,66883,273256,,,11.80059,10.201664,9.0284586,2.772131,1.1732054,.68820542,,
38,15,1995,81859,20955,9881,11074,11625,518965,530590,13033419776,7294886400,11.312754,9.198369,9.312355,2.0003986,-.11398602,.0064964057,23.290783,22.71044
38,15,1996,90084,21250,9953,11297,8443,585302,593745,13128350720,7441785344,11.408498,9.2056293,9.3322926,2.0762053,-.12666321,.008021784,23.29804,22.730377
38,15,1997,98246,21892,10120,11772,7210,648247,655457,13348536320,7754686976,11.49523,9.2222691,9.3734789,2.1217508,-.15120983,.011432206,23.314672,22.771563
38,15,1998,105499,23354,10334,13020,3296,710825,714121,13627092992,8576794112,11.566457,9.2431946,9.4742422,2.0922146,-.23104763,.026691504,23.335325,22.872326
38,15,1999,110702,26120,10564,15556,3307,796903,800210,13930342400,10247358464,11.614597,9.2652073,9.6522017,1.9623957,-.38699436,.074882321,23.357336,23.050285
38,15,2000,118698,27264,11212,16052,2442,868781,871223,14780719104,10574093312,11.684338,9.3247395,9.683589,2.0007486,-.35884953,.064386494,23.41659,23.081673
38,15,2001,116251,28332,11710,16622,2498,894225,896723,15247377408,11076961280,11.663507,9.3681984,9.718482,1.9450245,-.35028362,.06134931,23.447674,23.128134
38,15,2002,123727,31846,12278,19568,1841,852896,854737,16340614144,13999354880,11.725833,9.4155645,9.8816509,1.844182,-.46608639,.10861826,23.51692,23.362278
38,15,2003,135248,35587,12613,22974,1306,889215,890521,16616596480,16447986688,11.814865,9.4424829,10.042118,1.772747,-.59963512,.17978114,23.533669,23.523468
38,15,2004,145066,36824,12679,24145,1125,900760,901885,16568119296,16844131328,11.884944,9.4477024,10.091832,1.7931118,-.64412975,.20745157,23.530746,23.547268
38,15,2005,155469,38843,12942,25901,1397,1032509,1033906,17145384960,18864701440,11.954202,9.4682331,10.162037,1.7921648,-.69380379,.24068184,23.564995,23.660559
38,15,2006,169543,40565,13145,27420,1802,1136071,1137873,17674588160,20277032960,12.040862,9.4837971,10.219028,1.8218346,-.73523045,.27028191,23.595394,23.732754
38,15,2007,183340,40835,13564,27271,2429,1351589,1354018,18234333184,21575221248,12.119098,9.5151749,10.213579,1.9055185,-.69840431,.2438843,23.626572,23.794811
38,15,2008,189763,41818,14223,27595,2426,1437484,1439910,,,12.153531,9.5626154,10.225389,1.9281416,-.66277409,.21963474,,
38,15,2009,186619,44761,15422,29339,3525,1377649,1381174,,,12.136825,9.6435499,10.286673,1.850152,-.64312267,.20680338,,
40,15,1995,3373176,776333,204674,571659,1719836,25760026,27479862,311549132800,376574640128,15.031365,12.229174,13.256298,1.7750673,-1.0271244,.52749228,26.464823,26.654383
40,15,1996,3464067,783112,203425,579687,1821557,26609626,28431184,310437806080,381863002112,15.057954,12.223053,13.270244,1.7877102,-1.0471907,.54830414,26.46125,26.668327
40,15,1997,3482195,785857,203402,582455,1824498,27924228,29748726,310017687552,383686377472,15.063173,12.222939,13.275007,1.788166,-1.0520678,.55342329,26.459896,26.673092
40,15,1998,3604427,784589,200705,583884,1748384,28493944,30242328,305414635520,384627703808,15.097673,12.209592,13.277457,1.8202162,-1.0678654,.5701682,26.444937,26.675541
40,15,1999,3681067,800134,202476,597658,865077,28461876,29326952,308002914304,393701195776,15.118713,12.218377,13.300774,1.8179398,-1.0823965,.58579111,26.453375,26.698858
40,15,2000,3816731,812630,202506,610124,892538,28587148,29479686,308035289088,401913053184,15.154905,12.218525,13.321418,1.8334875,-1.1028929,.60818636,26.45348,26.719501
40,15,2001,3736858,848322,203278,645044,896087,28898184,29794272,308474183680,429859667968,15.133756,12.22233,13.377074,1.7566814,-1.1547441,.66671705,26.454905,26.786724
40,15,2002,3892170,905363,205512,699851,1066749,28132732,29199480,316237479936,500687994880,15.174478,12.23326,13.458623,1.7158546,-1.2253628,.75075698,26.479759,26.939249
40,15,2003,3919132,948730,207234,741496,982836,28223540,29206376,308296417280,530866044928,15.181381,12.241604,13.516425,1.6649561,-1.2748213,.81258464,26.454327,26.997776
40,15,2004,4006188,963308,207392,755916,977542,28872892,29850434,310888693760,527345123328,15.203351,12.242366,13.535686,1.6676655,-1.2933197,.83633792,26.4627,26.991121
40,15,2005,4087961,978539,210747,767792,910047,29682572,30592620,323138355200,559212658688,15.223557,12.258413,13.551274,1.6722822,-1.292861,.83574474,26.501347,27.049795
40,15,2006,4097795,986954,214318,772636,796492,28845192,29641684,332074778624,571362705408,15.22596,12.275216,13.557564,1.668396,-1.2823477,.82220781,26.528625,27.071291
40,15,2007,4190541,995879,220205,775674,801957,29859080,30661036,368760324096,613667897344,15.248341,12.302314,13.561487,1.6868534,-1.2591734,.79275882,26.633413,27.142719
40,15,2008,4152092,1011255,229041,782214,814415,29115616,29930032,,,15.239122,12.341657,13.569883,1.669239,-1.2282267,.75427037,,
40,15,2009,3978759,1026871,240446,786425,802717,26918680,27721396,,,15.196481,12.390251,13.575253,1.6212282,-1.1850014,.70211411,,
